"subj","cond","rt"
"alice","easy",0.572411184560814
"alice","easy",0.390585243832959
"alice","easy",0.267580292678802
"alice","easy",0.329132182122508
"alice","easy",0.405371964478141
"alice","easy",0.311165488896649
"alice","easy",0.404661060355933
"alice","easy",0.373557641791216
"alice","easy",0.390051452994739
"alice","easy",0.293025469000126
"alice","easy",0.339278149892112
"alice","easy",0.431465153828905
"alice","easy",0.328631094980367
"alice","easy",0.294021561560149
"alice","easy",0.354611082620547
"alice","easy",0.261945181583931
"alice","easy",0.383999612143219
"alice","easy",0.347487305908168
"alice","easy",0.378065444280521
"alice","easy",0.228182575381894
"alice","easy",0.397409100298413
"alice","easy",0.348197815500523
"alice","easy",0.215422048738622
"alice","easy",0.321609651276786
"alice","easy",0.366882362790202
"alice","easy",0.294946651413353
"alice","easy",0.353855952276897
"alice","easy",0.561880894827359
"alice","easy",0.410577129877537
"alice","easy",0.450707432982626
"alice","easy",0.390950169959988
"alice","easy",0.508802398943991
"alice","easy",0.400586212732832
"alice","easy",0.507819635667848
"alice","easy",0.313823684017223
"alice","easy",0.420307883009491
"alice","easy",0.260188617554349
"alice","easy",0.345470907931484
"alice","easy",0.543043067169908
"alice","easy",0.419661290541374
"alice","easy",0.383901096115877
"alice","easy",0.279646425464487
"alice","easy",0.32715992592627
"alice","easy",0.479517145120305
"alice","easy",0.44830732369343
"alice","easy",0.458899436220589
"alice","easy",0.305995901660273
"alice","easy",0.540294264620509
"alice","easy",0.42848325127227
"alice","easy",0.258663567610367
"alice","easy",0.365227493592648
"alice","easy",0.378889907982594
"alice","easy",0.372954760654096
"alice","easy",0.479948953383295
"alice","easy",0.26285753771961
"alice","easy",0.189499211009403
"alice","easy",0.342585543635465
"alice","easy",0.494511172427181
"alice","easy",0.384908490535938
"alice","easy",0.405401187982925
"alice","easy",0.655657140115227
"alice","easy",0.496784395906515
"alice","easy",0.39728758329632
"alice","easy",0.3809807146568
"alice","easy",0.393139402077617
"alice","easy",0.456695704149986
"alice","easy",0.539061954868774
"alice","easy",0.322433033191926
"alice","easy",0.528711964127095
"alice","easy",0.370943834689644
"alice","easy",0.37361713381723
"alice","easy",0.222510314058144
"alice","easy",0.437194944770628
"alice","easy",0.247428512556158
"alice","easy",0.30600916569773
"alice","easy",0.464499525256292
"alice","easy",0.31621155127698
"alice","easy",0.48064272259324
"alice","easy",0.400679229592474
"alice","easy",0.307686239906068
"alice","easy",0.267724952201576
"alice","easy",0.417528447304222
"alice","easy",0.672500014078836
"alice","easy",0.336460217042409
"alice","easy",0.413947040654195
"alice","easy",0.313519432347975
"alice","easy",0.63936880522041
"alice","easy",0.265067980616631
"alice","easy",0.345820456172279
"alice","easy",0.486353256646721
"alice","easy",0.316563593767528
"alice","easy",0.496560103025413
"alice","easy",0.377575720353
"alice","easy",0.303567061940369
"alice","easy",0.38222612917172
"alice","easy",0.287447145225643
"alice","easy",0.404566382193596
"alice","easy",0.239707470298359
"alice","easy",0.418882984348826
"alice","easy",0.299332478951914
"alice","easy",0.339263625605446
"alice","easy",0.380616693580873
"alice","easy",0.27784117563753
"alice","easy",0.547169027147905
"alice","easy",0.2780376182792
"alice","easy",0.28525438600432
"alice","easy",0.4196732482303
"alice","easy",0.52722831221886
"alice","easy",0.34726656591136
"alice","easy",0.327627664666179
"alice","easy",0.378195626750861
"alice","easy",0.3732359557785
"alice","easy",0.366933775131472
"alice","easy",0.436490448286552
"alice","easy",0.256300458519242
"alice","easy",0.349404081884901
"alice","easy",0.403101230615339
"alice","easy",0.450836418171217
"alice","easy",0.351925143865287
"alice","easy",0.302412719703833
"alice","easy",0.526628931476116
"alice","easy",0.468239381066519
"alice","easy",0.404389822550271
"alice","easy",0.406453578850465
"alice","easy",0.404056870126706
"alice","easy",0.342797459830768
"alice","easy",0.310006927537614
"alice","easy",0.476725591297033
"alice","easy",0.481502973091705
"alice","easy",0.473179222863142
"alice","easy",0.445181027901363
"alice","easy",0.378434533982915
"alice","easy",0.287480255868446
"alice","easy",0.380053592090199
"alice","easy",0.234177736298196
"alice","easy",0.290817621336883
"alice","easy",0.543364493269265
"alice","easy",0.323479539979114
"alice","easy",0.371847551777775
"alice","easy",0.357256492597706
"alice","easy",0.463449830975785
"alice","easy",0.275583208355694
"alice","easy",0.259912449483048
"alice","easy",0.284373938459824
"alice","easy",0.569986547120272
"alice","easy",0.36208082601281
"alice","easy",0.382265779135249
"alice","easy",0.316048902840972
"alice","easy",0.329938966971939
"alice","easy",0.376158387667294
"alice","easy",0.398929854581608
"alice","easy",0.418298294504808
"alice","easy",0.267064920592413
"alice","easy",0.451839506405028
"alice","easy",0.357747937632379
"alice","easy",0.321818616549384
"alice","easy",0.441872197124744
"alice","easy",0.228881514298769
"alice","easy",0.258142342640604
"alice","easy",0.208490235688157
"alice","easy",0.331411148025294
"alice","easy",0.41209949389799
"alice","easy",0.419827815914106
"alice","easy",0.246246650902831
"alice","easy",0.35034745945208
"alice","easy",0.322660112811088
"alice","easy",0.504633259756157
"alice","easy",0.341881330748444
"alice","easy",0.285455265960569
"alice","easy",0.392705057781008
"alice","easy",0.236834042235087
"alice","easy",0.17550677490047
"alice","easy",0.310522450168858
"alice","easy",0.375946356868248
"alice","easy",0.365661198714267
"alice","easy",0.287120171165921
"alice","easy",0.365964807077548
"alice","easy",0.394843214805699
"alice","easy",0.44033498561693
"alice","easy",0.488786403622436
"alice","easy",0.296416445645187
"alice","easy",0.275070257792334
"alice","easy",0.238924354790551
"alice","easy",0.301621012733378
"alice","easy",0.375999759021282
"alice","easy",0.403329588610855
"alice","easy",0.400586597936413
"alice","easy",0.395968733108384
"alice","easy",0.454644886748018
"alice","easy",0.336452030885289
"alice","easy",0.340543397709099
"alice","easy",0.391903096630725
"alice","easy",0.488257053117734
"alice","easy",0.577263570293229
"alice","easy",0.430510211049125
"alice","easy",0.426965519055026
"alice","easy",0.3967618544776
"alice","easy",0.404546742602017
"alice","easy",0.205479181073934
"alice","easy",0.351927516695618
"alice","hard",0.58756154233573
"alice","hard",0.387244571189717
"alice","hard",0.393975338125563
"alice","hard",0.288568740951117
"alice","hard",0.304745538547955
"alice","hard",0.260512696861767
"alice","hard",0.192860916074983
"alice","hard",0.200197114366044
"alice","hard",0.474705602844938
"alice","hard",0.270194382146223
"alice","hard",0.561318900121108
"alice","hard",0.260988340212745
"alice","hard",0.387723459789512
"alice","hard",0.215168874317994
"alice","hard",0.322067278343428
"alice","hard",0.39891866717931
"alice","hard",0.461611838196534
"alice","hard",0.29944306162638
"alice","hard",0.273677068118989
"alice","hard",0.356229085038072
"alice","hard",0.446401102590644
"alice","hard",0.431316481822815
"alice","hard",0.481396461885556
"alice","hard",0.411066026002313
"alice","hard",0.247771594834821
"alice","hard",0.29791483955783
"alice","hard",0.384378875640551
"alice","hard",0.308717888239916
"alice","hard",0.273411564683703
"alice","hard",0.527057922089299
"alice","hard",0.388171932216456
"alice","hard",0.435089843664517
"alice","hard",0.347515082673607
"alice","hard",0.566321944745593
"alice","hard",0.434786179011728
"alice","hard",0.561706898117958
"alice","hard",0.497246032502967
"alice","hard",0.404416853728521
"alice","hard",0.322817710340901
"alice","hard",0.328121855958173
"alice","hard",0.312282584373785
"alice","hard",0.297143332152507
"alice","hard",0.630395751487641
"alice","hard",0.411062614782541
"alice","hard",0.417063900964882
"alice","hard",0.413253435246298
"alice","hard",0.758276015703596
"alice","hard",0.393459805045219
"alice","hard",0.451822229462696
"alice","hard",0.337718650578674
"alice","hard",0.375970122250218
"alice","hard",0.368966816845422
"alice","hard",0.297676680954748
"alice","hard",0.53234290461025
"alice","hard",0.411687475208363
"alice","hard",0.335758744743951
"alice","hard",0.412923845333366
"alice","hard",0.479018911693739
"alice","hard",0.269669246433995
"alice","hard",0.326695673679815
"alice","hard",0.359910358590148
"alice","hard",0.337048394674749
"alice","hard",0.419648488774886
"alice","hard",0.455939107333813
"alice","hard",0.473484963391013
"alice","hard",0.369200098633381
"alice","hard",0.537065333382805
"alice","hard",0.534782601149307
"alice","hard",0.342713103515469
"alice","hard",0.487767762336922
"alice","hard",0.447724911380424
"alice","hard",0.342173788312301
"alice","hard",0.339165706797516
"alice","hard",0.369549717659882
"alice","hard",0.397427613383413
"alice","hard",0.431015372327784
"alice","hard",0.172737404021472
"alice","hard",0.451245944481373
"alice","hard",0.295872311638237
"alice","hard",0.293410507412188
"alice","hard",0.438151812142481
"alice","hard",0.406475495952317
"alice","hard",0.544260454424811
"alice","hard",0.240613958116922
"alice","hard",0.277105359778121
"alice","hard",0.261935467629715
"alice","hard",0.362002763790141
"alice","hard",0.220478124711228
"alice","hard",0.378681935133768
"alice","hard",0.410560113459092
"alice","hard",0.545400841923906
"alice","hard",0.242264133749414
"alice","hard",0.281683646231211
"alice","hard",0.393781964990326
"alice","hard",0.289661028566983
"alice","hard",0.368541206525704
"alice","hard",0.212094332529053
"alice","hard",0.345617899059315
"alice","hard",0.404174568893172
"alice","hard",0.408188443297822
"alice","hard",0.43583400597598
"alice","hard",0.349996489688404
"alice","hard",0.377018351374719
"alice","hard",0.387075451958833
"alice","hard",0.210311406465357
"alice","hard",0.544367002289131
"alice","hard",0.657207685291783
"alice","hard",0.282082204365591
"alice","hard",0.349530674491288
"alice","hard",0.315370717293892
"alice","hard",0.41970350809986
"alice","hard",0.287806859047222
"alice","hard",0.300694112854972
"alice","hard",0.601348880089312
"alice","hard",0.245494041371714
"alice","hard",0.43719053255473
"alice","hard",0.223511013454956
"alice","hard",0.462587699123204
"alice","hard",0.249522314519653
"alice","hard",0.217906688770755
"alice","hard",0.43675287220707
"alice","hard",0.372789101807579
"alice","hard",0.406819042013401
"alice","hard",0.570831203764181
"alice","hard",0.383913723282816
"alice","hard",0.291084610812511
"alice","hard",0.363478891455762
"alice","hard",0.453340733428971
"alice","hard",0.355410598243227
"alice","hard",0.548182182522314
"alice","hard",0.265058114136136
"alice","hard",0.337053903367839
"alice","hard",0.310285062668442
"alice","hard",0.304495104078062
"alice","hard",0.336789325149466
"alice","hard",0.311928190553822
"alice","hard",0.494456876544394
"alice","hard",0.397807107420151
"alice","hard",0.510422711289007
"alice","hard",0.342864481578075
"alice","hard",0.418945629082767
"alice","hard",0.361252806673678
"alice","hard",0.408529606257602
"alice","hard",0.47479822322404
"alice","hard",0.455430805975408
"alice","hard",0.403160396248566
"alice","hard",0.570848394102775
"alice","hard",0.34445911589103
"alice","hard",0.313306901039919
"alice","hard",0.355357088012164
"alice","hard",0.318106383043797
"alice","hard",0.49025026509388
"alice","hard",0.412880982471636
"alice","hard",0.371311572231162
"alice","hard",0.212130056656715
"alice","hard",0.264093317440963
"alice","hard",0.349192609631002
"alice","hard",0.390874136312224
"alice","hard",0.234863472921561
"alice","hard",0.443104096935965
"alice","hard",0.408416721459593
"alice","hard",0.289449972966111
"alice","hard",0.343608224127815
"alice","hard",0.285324969938348
"alice","hard",0.333640911589269
"alice","hard",0.294129881566726
"alice","hard",0.307331359231888
"alice","hard",0.348059379005231
"alice","hard",0.317670452665601
"alice","hard",0.377766790460238
"alice","hard",0.321850700203585
"alice","hard",0.433869138346988
"alice","hard",0.300021994711318
"alice","hard",0.324757686732871
"alice","hard",0.312720045447844
"alice","hard",0.368087640296741
"alice","hard",0.362190571365905
"alice","hard",0.476143494095533
"alice","hard",0.318463723568415
"alice","hard",0.468843240233562
"alice","hard",0.290820451096839
"alice","hard",0.382277971594936
"alice","hard",0.374580025358444
"alice","hard",0.446098657292832
"alice","hard",0.448409325738427
"alice","hard",0.377874572650992
"alice","hard",0.48855177538481
"alice","hard",0.36208128005016
"alice","hard",0.367449055361225
"alice","hard",0.428772780658129
"alice","hard",0.323964060541188
"alice","hard",0.289787489122198
"alice","hard",0.31866325874183
"alice","hard",0.487091497687547
"alice","hard",0.353965952604082
"alice","hard",0.484600770404038
"alice","hard",0.331897721683479
"alice","hard",0.349495627252999
"alice","hard",0.243148418989624
"alice","hard",0.292432016380731
"bob","easy",0.459569356234089
"bob","easy",0.725349573619786
"bob","easy",0.439071278459031
"bob","easy",0.486649873624651
"bob","easy",0.447326279564723
"bob","easy",0.851872921198441
"bob","easy",0.380208201115456
"bob","easy",0.686517013625617
"bob","easy",0.414429639713857
"bob","easy",0.523245152273965
"bob","easy",0.357057499799549
"bob","easy",0.715843473630482
"bob","easy",0.422703262886014
"bob","easy",0.498800095142723
"bob","easy",0.396356052243117
"bob","easy",0.760299447016828
"bob","easy",0.460488834720894
"bob","easy",0.351064815069477
"bob","easy",0.741605912973371
"bob","easy",0.491631358571845
"bob","easy",0.302259824902453
"bob","easy",0.608117863459107
"bob","easy",0.634945942841857
"bob","easy",0.339600729278885
"bob","easy",0.426929339899004
"bob","easy",0.305778937635752
"bob","easy",0.565077534772145
"bob","easy",0.647889946645015
"bob","easy",0.8048818753886
"bob","easy",0.522875844440765
"bob","easy",0.718026575322689
"bob","easy",0.29790399618482
"bob","easy",0.484786639467389
"bob","easy",0.682144009407883
"bob","easy",0.417121484455575
"bob","easy",0.457863391232265
"bob","easy",0.417989655305524
"bob","easy",0.634880136868468
"bob","easy",0.481985011582145
"bob","easy",0.78444238123513
"bob","easy",0.51293161587534
"bob","easy",0.580518651675028
"bob","easy",0.572072247586326
"bob","easy",0.250637042199003
"bob","easy",0.879973334632313
"bob","easy",0.287924058997622
"bob","easy",0.396639387200516
"bob","easy",0.443352092854983
"bob","easy",0.409777133546763
"bob","easy",0.72734398081707
"bob","easy",0.296631544714744
"bob","easy",0.492108202527334
"bob","easy",0.485751967056564
"bob","easy",0.331432787055075
"bob","easy",0.351510224010033
"bob","easy",0.50670951269315
"bob","easy",0.617320851508642
"bob","easy",0.356336001791277
"bob","easy",0.281488350790758
"bob","easy",0.710240298434291
"bob","easy",0.528772356885294
"bob","easy",0.950326520442389
"bob","easy",0.425554269991413
"bob","easy",0.641713224672248
"bob","easy",0.602441302374857
"bob","easy",0.398518740386735
"bob","easy",0.423741059554049
"bob","easy",0.360145604831973
"bob","easy",0.466935614524469
"bob","easy",0.60419275979242
"bob","easy",0.726505458252053
"bob","easy",0.431532622020864
"bob","easy",0.512050678638157
"bob","easy",0.849132234925835
"bob","easy",0.618269470626563
"bob","easy",0.356489177471428
"bob","easy",0.599829013543956
"bob","easy",0.82790117413789
"bob","easy",0.401001823487135
"bob","easy",0.570018625281053
"bob","easy",0.546098592331545
"bob","easy",0.318928473317157
"bob","easy",0.553051653813626
"bob","easy",0.853476751530889
"bob","easy",0.445438459619602
"bob","easy",0.561268328832642
"bob","easy",0.506409105044305
"bob","easy",0.489677685132083
"bob","easy",0.476392939754857
"bob","easy",0.372950741127622
"bob","easy",0.428973528158541
"bob","easy",0.544262019275997
"bob","easy",0.492661905905258
"bob","easy",0.407293071628429
"bob","easy",0.521665680557379
"bob","easy",0.705201172502497
"bob","easy",0.376244082350687
"bob","easy",0.373018791010076
"bob","easy",0.30930263478633
"bob","easy",0.403459756152543
"bob","easy",0.518269241404595
"bob","easy",0.408651076143301
"bob","easy",0.77875614331624
"bob","easy",0.687102704239561
"bob","easy",0.456548778752654
"bob","easy",0.447916481534426
"bob","easy",0.587050387262308
"bob","easy",0.323547414730148
"bob","easy",0.328206719694803
"bob","easy",0.570521681159671
"bob","easy",0.43917001204685
"bob","easy",0.747357199801021
"bob","easy",0.582456209161018
"bob","easy",0.435818026131478
"bob","easy",0.88663067405897
"bob","easy",0.495208806968563
"bob","easy",0.444296774045519
"bob","easy",0.573548347071476
"bob","easy",0.612311538746223
"bob","easy",0.49121455383536
"bob","easy",0.339397146686235
"bob","easy",0.440645544179371
"bob","easy",0.605394099115371
"bob","easy",0.431490615040224
"bob","easy",0.517214624516393
"bob","easy",0.734006441092124
"bob","easy",0.646131471548991
"bob","easy",0.547499202447014
"bob","easy",0.566551877540216
"bob","easy",0.63719897811393
"bob","easy",0.643844532318626
"bob","easy",0.435464516326627
"bob","easy",0.72659653987829
"bob","easy",0.620330410211898
"bob","easy",0.563183828246503
"bob","easy",0.391158739939966
"bob","easy",0.874186492153355
"bob","easy",0.475355628347176
"bob","easy",0.39745220867652
"bob","easy",0.350137054995165
"bob","easy",0.401773598816247
"bob","easy",0.447933258401763
"bob","easy",0.646509397843083
"bob","easy",0.3499424668676
"bob","easy",0.661620244582021
"bob","easy",0.595501540250484
"bob","easy",0.687300308557791
"bob","easy",0.379057044653469
"bob","easy",0.715954790773827
"bob","easy",0.701460080972524
"bob","easy",0.758098546166986
"bob","easy",0.797242772839991
"bob","easy",0.354983756324254
"bob","easy",0.698848609757861
"bob","easy",0.478591401088246
"bob","easy",0.654574870458065
"bob","easy",0.429029059492155
"bob","easy",0.589780368190561
"bob","easy",0.501775500895549
"bob","easy",0.354520959439047
"bob","easy",0.51288984984188
"bob","easy",0.31222820757407
"bob","easy",0.530008214224336
"bob","easy",0.53863606496196
"bob","easy",0.599382076213238
"bob","easy",0.46160873868971
"bob","easy",0.397236647237118
"bob","easy",0.983949787868523
"bob","easy",0.407562177867621
"bob","easy",0.980416295177927
"bob","easy",0.362586999635577
"bob","easy",0.48170274024541
"bob","easy",0.584444565872388
"bob","easy",0.62554825445658
"bob","easy",0.636442055443453
"bob","easy",0.463221746237522
"bob","easy",0.66275156040348
"bob","easy",0.668498864290928
"bob","easy",0.33726451201846
"bob","easy",0.455547299807027
"bob","easy",0.442399898430945
"bob","easy",0.479863217794037
"bob","easy",0.434822664189355
"bob","easy",0.787206333158621
"bob","easy",0.40918302981103
"bob","easy",0.455687268567637
"bob","easy",0.442035538675469
"bob","easy",0.473583953253577
"bob","easy",0.410399606131427
"bob","easy",0.465869693494972
"bob","easy",0.443651289874358
"bob","easy",0.748602223069549
"bob","easy",0.588588208649757
"bob","easy",0.5836582621163
"bob","easy",0.480238786140203
"bob","easy",0.621506638074799
"bob","easy",0.735016230561235
"bob","easy",0.779214731749494
"bob","easy",0.57118105862105
"bob","easy",0.319085704844391
"bob","hard",0.538824565531664
"bob","hard",0.343550200193387
"bob","hard",0.86201946589817
"bob","hard",0.282856671410987
"bob","hard",0.590062548251523
"bob","hard",0.504539696506511
"bob","hard",0.391152304615102
"bob","hard",0.467204919546721
"bob","hard",0.288085015701371
"bob","hard",0.620864455595163
"bob","hard",0.481699309731389
"bob","hard",0.473091020362151
"bob","hard",0.494814488683572
"bob","hard",0.395731557047918
"bob","hard",0.369044053459035
"bob","hard",0.398376984772559
"bob","hard",0.433251954045052
"bob","hard",0.687145818004499
"bob","hard",0.77833095179816
"bob","hard",0.65794251734822
"bob","hard",0.417065297473499
"bob","hard",0.593930649596658
"bob","hard",0.389163709397377
"bob","hard",0.521366851815379
"bob","hard",0.40143790174025
"bob","hard",0.461118795264954
"bob","hard",0.551198767192033
"bob","hard",0.714574959180248
"bob","hard",0.404976677581623
"bob","hard",0.342007565007678
"bob","hard",0.41684424118633
"bob","hard",0.618908626491017
"bob","hard",0.498042251399566
"bob","hard",0.62461423624764
"bob","hard",0.528771336155024
"bob","hard",0.51987995847882
"bob","hard",0.544235111796273
"bob","hard",0.614407934867743
"bob","hard",0.36050263644946
"bob","hard",0.577812781717511
"bob","hard",0.317357760227665
"bob","hard",0.305297773863384
"bob","hard",0.485316000801431
"bob","hard",0.448735094220653
"bob","hard",0.7198385086195
"bob","hard",0.630017300840099
"bob","hard",1.31294746316848
"bob","hard",0.743705008348075
"bob","hard",0.214640497105963
"bob","hard",0.789690385196692
"bob","hard",0.583773350644429
"bob","hard",0.692465888444757
"bob","hard",0.723523886088649
"bob","hard",0.363552986564581
"bob","hard",0.684930079176596
"bob","hard",0.414137296053713
"bob","hard",0.698656950283463
"bob","hard",0.307289312125975
"bob","hard",0.436751764684012
"bob","hard",0.427133967225176
"bob","hard",0.532226991760565
"bob","hard",0.380637841205161
"bob","hard",0.65597370658089
"bob","hard",0.546592650719751
"bob","hard",0.56790007370388
"bob","hard",0.519857662000895
"bob","hard",0.29542949860643
"bob","hard",0.703128102577321
"bob","hard",0.513549413886338
"bob","hard",0.629092105303815
"bob","hard",0.405522033751189
"bob","hard",0.474456247345936
"bob","hard",0.408493061636392
"bob","hard",0.589941191605905
"bob","hard",0.967263536963327
"bob","hard",0.606217207656505
"bob","hard",0.597099786997931
"bob","hard",0.443923936801353
"bob","hard",0.646627465469122
"bob","hard",0.455482967566483
"bob","hard",0.390475674891837
"bob","hard",0.23610730602277
"bob","hard",0.383108032642747
"bob","hard",0.755095656274337
"bob","hard",0.507755976379409
"bob","hard",0.523611908640389
"bob","hard",0.335560084497335
"bob","hard",0.477572968337421
"bob","hard",0.467298105506478
"bob","hard",0.581374886324031
"bob","hard",0.538412988938613
"bob","hard",0.505468474778485
"bob","hard",0.338459281149402
"bob","hard",0.428043423891775
"bob","hard",0.495772707684877
"bob","hard",0.41965448137985
"bob","hard",0.420672522595415
"bob","hard",0.413745594410341
"bob","hard",0.332425799683837
"bob","hard",0.445975261140995
"bob","hard",0.321322208824802
"bob","hard",0.655969437240917
"bob","hard",0.544685778537914
"bob","hard",0.467965524094079
"bob","hard",0.674604313593517
"bob","hard",0.615155889440654
"bob","hard",0.818830552562385
"bob","hard",0.76565186610436
"bob","hard",0.640735054437982
"bob","hard",0.431077379195912
"bob","hard",0.391059455595324
"bob","hard",0.428436163394957
"bob","hard",0.533117286974385
"bob","hard",0.485145548495348
"bob","hard",0.73461133877108
"bob","hard",0.456268742174046
"bob","hard",0.610496191759438
"bob","hard",0.289077890675452
"bob","hard",0.543748895761604
"bob","hard",0.73363960236666
"bob","hard",0.699950702844633
"bob","hard",0.528273125280615
"bob","hard",0.603183022000205
"bob","hard",0.506833891462876
"bob","hard",0.726723702613029
"bob","hard",0.272975616121436
"bob","hard",0.577807546311037
"bob","hard",0.516345252692609
"bob","hard",0.558219841529755
"bob","hard",0.58962468559692
"bob","hard",0.496533451961162
"bob","hard",0.244699735969392
"bob","hard",0.261571261553852
"bob","hard",0.357565398331912
"bob","hard",0.32764129845928
"bob","hard",0.853896906082267
"bob","hard",0.54294298588783
"bob","hard",0.528435133449273
"bob","hard",0.675858838157197
"bob","hard",0.675574862782465
"bob","hard",0.348271422844576
"bob","hard",0.565399256315886
"bob","hard",0.243655912773064
"bob","hard",0.656934041226616
"bob","hard",0.544079921351088
"bob","hard",0.400778411374836
"bob","hard",0.568154206750946
"bob","hard",0.657880025006067
"bob","hard",0.619442826224405
"bob","hard",0.505909486152222
"bob","hard",0.55958215039695
"bob","hard",0.42045208831708
"bob","hard",0.614745698527087
"bob","hard",0.3467971843146
"bob","hard",0.413276669554545
"bob","hard",0.521297074885723
"bob","hard",0.553363208478493
"bob","hard",0.314367723880329
"bob","hard",0.585137767633936
"bob","hard",0.562692410504308
"bob","hard",0.527006580091695
"bob","hard",0.458542457824813
"bob","hard",0.333293179982517
"bob","hard",0.403014422280308
"bob","hard",0.395293652572907
"bob","hard",0.287228791038738
"bob","hard",0.649316530966497
"bob","hard",0.613807621546111
"bob","hard",0.521725672569665
"bob","hard",0.491418468385887
"bob","hard",0.375823016555165
"bob","hard",0.367409656040434
"bob","hard",0.502420312953704
"bob","hard",0.703029928833956
"bob","hard",0.415175409626413
"bob","hard",0.540962350789234
"bob","hard",0.454465783039096
"bob","hard",0.45652842772983
"bob","hard",0.372329820764819
"bob","hard",0.853690569594218
"bob","hard",0.48145373189913
"bob","hard",0.836406451611159
"bob","hard",0.273093777822819
"bob","hard",0.418909286935103
"bob","hard",0.449152355327412
"bob","hard",0.371089498368784
"bob","hard",0.64496775946689
"bob","hard",0.386604380129059
"bob","hard",0.685939915506297
"bob","hard",0.625514655444358
"bob","hard",0.607187961568094
"bob","hard",0.456662796453386
"bob","hard",0.397840698348759
"bob","hard",0.395845707594357
"bob","hard",0.285552160113149
"bob","hard",0.520738400530449
"bob","hard",0.400941568928283
"bob","hard",0.530890648881396
"bob","hard",0.584968799334071
"bob","hard",0.448855169748873
