id,age,age_cat,age_z
1,47,adult,1.3942438042378187
2,50,adult,1.6652631182365307
3,23,young,-0.7739107077518778
4,39,adult,0.6715256335745865
5,28,young,-0.3222118510873576
6,15,adolescent,-1.4966288784151098
7,17,adolescent,-1.3159493357493017
8,38,adult,0.5811858622416826
9,19,adolescent,-1.1352697930834939
10,42,adult,0.9425449475732987
11,14,adolescent,-1.5869686497480138
12,25,young,-0.5932311650860697
13,40,adult,0.7618654049074906
14,27,young,-0.41255162242026167
15,34,adult,0.21982677691006647
16,32,adult,0.03914723424425843
17,48,adult,1.4845835755707226
18,26,young,-0.5028913937531657
19,22,young,-0.8642504790847817
20,37,adult,0.4908460909087785
21,33,adult,0.12948700557716245
22,44,adult,1.1232244902391066
23,49,adult,1.5749233469036268
24,21,young,-0.9545902504176857
25,18,adolescent,-1.2256095644163978
26,24,young,-0.6835709364189737
27,31,adult,-0.05119253708864559
28,20,young,-1.0449300217505897
29,43,adult,1.0328847189062027
30,41,adult,0.8522051762403946
